"","camis_ls","phone_ls"
"1","26174","+13472170472"
"2","23379","+18083046662"
"3","5910","+12122555911"
"4","18032","+19172168812"
"5","22118","+13473693969"
"6","23388","+19172733955"
"7","3033","+12129258775"
"8","664","+17183477136"
"9","25809","+12123292693"
"10","3692","+17184292502"
"11","2944","+17183661730"
"12","20180","+19173792367"
"13","5776","+17186566210"
"14","8379","+12125659548"
"15","4696","+17183235990"
"16","26606","+15046106777"
"17","25429","+16468587993"
"18","3587","+12124724552"
"19","8927","+17188432036"
"20","24371","+19293435064"
"21","22740","+19294076080"
"22","17471","+19173049069"
"23","21195","+17185302889"
"24","23686","+17183832519"
"25","4244","+17184864848"
"26","10350","+17182597160"
"27","26852","+17185059162"
"28","21898","+19294156000"
"29","19977","+16462866247"
"30","25820","+19172936100"
"31","21882","+12029603533"
"32","20686","+1718_746_67"
"33","7845","+12128674484"
"34","20836","+19174091134"
"35","11448","+12122787999"
"36","24802","+17185569300"
"37","3771","+17183882114"
"38","1240","+17182927855"
"39","20624","+16464035499"
"40","26598","+19176908346"
"41","24029","+17185099374"
"42","23271","+17188736520"
"43","4615","+17183750887"
"44","19117","+12129397556"
"45","23611","+19174826047"
"46","14319","+12123548844"
"47","4616","+13474057014"
"48","21979","+16464796864"
"49","11737","+17188548510"
"50","16061","+12124656273"
"51","26368","+15163886888"
"52","25887","+16463619275"
"53","12244","+12129273812"
"54","23233","+17187955828"
"55","8217","+17183258750"
"56","11165","+16467553228"
"57","12699","+16466829062"
"58","24281","+17188093804"
"59","21536","+19174683927"
"60","8720","+12123248015"
"61","2284","+17182256918"
"62","21479","+12123667267"
"63","1205","+17184382369"
"64","24415","+19177512614"
"65","11483","+16464866288"
"66","24744","+17184063435"
"67","18054","+17184862299"
"68","13099","+17183431584"
"69","18073","+16466280973"
"70","22855","+19173457833"
"71","26782","+16178777353"
"72","25178","+19493255634"
"73","25886","+17184634343"
"74","26348","+16468337011"
"75","16036","+12124656302"
"76","27038","+17182303666"
"77","25466","+12126780300"
"78","26530","+19087641537"
"79","16313","+12125346399"
"80","26484","+12122881616"
"81","18653","+16468961168"
"82","16854","+19293376061"
"83","14953","+16464559846"
"84","24632","+12122948227"
"85","16722","+17182706013"
"86","24935","+17188144001"
"87","13628","+12123880522"
"88","26061","+17184290555"
"89","9766","+12128288288"
"90","21081","+19172614132"
"91","15500","+19178186878"
"92","26282","+19176879141"
"93","8048","+17188851670"
"94","25831","+17187011630"
"95","24493","+12126752475"
"96","17177","+16466829033"
"97","25996","+19294243315"
"98","8407","+12127371700"
"99","1103","+17188859885"
"100","9812","+12127819089"
"101","17134","+13478449183"
"102","7079","+17182290229"
"103","26544","+19177708641"
"104","24588","+13475294321"
"105","9659","+17187892892"
"106","26809","+13475643394"
"107","7969","+12122290404"
"108","5539","+16466966109"
"109","21854","+13473507758"
"110","25066","+16462168446"
"111","26994","+17184952626"
"112","8819","+17184511213"
"113","18127","+19176404867"
"114","10301","+16463516895"
"115","26634","+17189392200"
"116","17294","+17189750551"
"117","23737","+13476037790"
"118","25902","+19293954748"
"119","17604","+16466278795"
"120","25287","+19294808775"
"121","20363","+17186446527"
"122","25539","+19175631200"
"123","17835","+16466785989"
"124","24434","+12123553434"
"125","20816","+17182973200"
"126","26496","+13476825882"
"127","19356","+13475144698"
"128","25279","+12125457867"
"129","25623","+13479160037"
"130","21475","+16467470604"
"131","255","+12125332415"
"132","23988","+17037237264"
"133","15591","+17186385000"
"134","21292","+17182153308"
"135","20074","+12017367842"
"136","24548","+17185029282"
"137","25427","+13478202550"
"138","19392","+19173832110"
"139","25511","+17182303000"
"140","18232","+16469129061"
"141","26269","+12125640500"
"142","15688","+13474442290"
"143","11349","+17183818899"
"144","26553","+19293811094"
"145","15291","+13472738189"
"146","24928","+17188802938"
"147","14143","+17188890619"
"148","18998","+12127291850"
"149","16187","+17184551809"
"150","25841","+19293914337"
"151","10061","+19176186317"
"152","1454","+12124964163"
"153","23163","+16462661590"
"154","21592","+12126191222"
"155","20948","+12129872222"
"156","3996","+16464157924"
"157","23941","+17186023800"
"158","22711","+19179024851"
"159","21428","+17187019077"
"160","23900","+12127551200"
"161","15066","+17186790452"
"162","25473","+17185317321"
"163","927","+17184296106"
"164","4937","+12126907835"
"165","25785","+13474145388"
"166","23230","+17189542635"
"167","15077","+17185482200"
"168","265","+17185750116"
"169","1546","+17187217888"
"170","21839","+15102897543"
"171","22054","+13478895400"
"172","25578","+12126794040"
"173","22905","+19175779739"
"174","16441","+13477587842"
"175","24455","+17188881868"
"176","20324","+19176751881"
"177","16038","+12124656273"
"178","22216","+17188220100"
"179","23735","+13477632777"
"180","23008","+13473551132"
"181","10658","+17184214245"
"182","24589","+12129323198"
"183","24530","+17187230778"
"184","26069","+13473802948"
"185","25397","+17189786300"
"186","773","+17182412345"
"187","22707","+13478223373"
"188","26595","+17184182326"
"189","5995","+12123678300"
"190","20340","+17187733639"
"191","24782","+18452484430"
"192","24357","+17182242009"
"193","20299","+19172615550"
"194","3029","+17182663500"
"195","8395","+17183286933"
"196","25238","+17183535707"
"197","26296","+19294273071"
"198","24997","+13473509630"
"199","22923","+17188288822"
"200","4023","+12127614043"
"201","826","+17188571462"
"202","16082","+12124656270"
"203","3818","+17188765700"
"204","23616","+17189839111"
"205","26426","+17183735862"
"206","9363","+12125685169"
"207","8793","+12124502352"
"208","25903","+13472320256"
"209","25852","+17183011212"
"210","4451","+17183222210"
"211","26453","+13477036312"
"212","26433","+17185522652"
"213","23350","+19733138178"
"214","22633","+19172843260"
"215","11762","+17189835555"
"216","8725","+17189907381"
"217","7084","+17182062866"
"218","25884","+12128311402"
"219","9033","+12128470421"
"220","22828","+13472312788"
"221","3485","+17187825856"
"222","23571","+13473802323"
"223","13655","+12122835050"
"224","25259","+17189255268"
"225","3943","+12129771382"
"226","8032","+13475810351"
"227","24549","+19292729858"
"228","25441","+17184271387"
"229","8932","+16468076496"
"230","25401","+15082081825"
"231","2288","+17184234328"
"232","3510","+17188229806"
"233","25320","+12127790740"
"234","25985","+12122444474"
"235","24718","+17183489331"
"236","16034","+12124656273"
"237","5748","+17182311000"
"238","19706","+16462403465"
"239","25907","+16463212654"
"240","18014","+17185288886"
"241","26465","+13013432788"
"242","232","+12126874855"
"243","21054","+19172616283"
"244","23854","+13474425255"
"245","16057","+12124656302"
"246","25192","+16463877570"
"247","25568","+12126735550"
"248","22001","+13475039186"
"249","24370","+19175133582"
"250","21710","+19176393645"
"251","23476","+17184069907"
"252","26301","+17183591313"
"253","18929","+12122780010"
"254","22822","+13039096454"
"255","6205","+17185958100"
"256","22182","+13476478687"
"257","23954","+17188124770"
"258","20625","+13472259115"
"259","17452","+17187890943"
"260","22952","+17188999899"
"261","5112","+17188352330"
"262","24359","+13479074724"
"263","221","+17188551545"
"264","3683","+17188437263"
"265","21995","+13472005923"
"266","10059","+12125688700"
"267","22710","+17182556111"
"268","17619","+17183892348"
"269","21124","+16463400322"
"270","26542","+12122228924"
"271","3567","+17186446698"
"272","16054","+12124656273"
"273","23632","+17187250858"
"274","27008","+16179470581"
"275","23855","+16464797655"
"276","21372","+15164440947"
"277","4787","+17188361252"
"278","24586","+13475906989"
"279","26978","+13477923664"
"280","23942","+12126089188"
"281","14986","+17188868229"
"282","24100","+17183736356"
"283","21732","+16466372531"
"284","3456","+17188694828"
"285","23623","+17187274029"
"286","18575","+17183416100"
"287","10727","+17189836912"
"288","25433","+17187699750"
"289","17135","+13472814737"
"290","17533","+14014866116"
"291","26887","+16462337785"
"292","23591","+19175210972"
"293","564","+12126061980"
"294","26937","+13473686255"
"295","26207","+17184652777"
"296","25800","+19174389169"
"297","26095","+17187018344"
"298","19684","+16468071006"
"299","26170","+16464905871"
"300","25478","+19176757240"
"301","1170","+17184246549"
"302","23122","+16465189047"
"303","24248","+19176098650"
"304","26769","+12122837021"
"305","19841","+13476804361"
"306","22289","+12128529097"
"307","20871","+17184601266"
"308","7929","+12128602691"
"309","3516","+12124857200"
"310","23651","+19173882938"
"311","9137","+17188235124"
"312","25107","+16464762013"
"313","22663","+17185763914"
"314","19594","+13474059771"
"315","19556","+16464069664"
"316","22052","+19179290079"
"317","24495","+17189669464"
"318","26939","+16467533499"
"319","24323","+17185849499"
"320","22462","+12129975123"
"321","22830","+17185672816"
"322","24350","+13478438244"
"323","13152","+12122394166"
"324","24267","+17182387102"
"325","6042","+12124815426"
"326","14076","+12126494675"
"327","8112","+12123982597"
"328","26164","+13478449666"
"329","16100","+12124656273"
"330","24409","+13474058905"
"331","23400","+17189281692"
"332","1270","+12125813080"
"333","22364","+13476885404"
"334","17340","+19178088562"
"335","22573","+17183563111"
"336","11174","+13473127777"
"337","26964","+13475563983"
"338","26721","+13474611538"
"339","17846","+15512650103"
"340","4610","+12126796161"
"341","4704","+12124467180"
"342","16982","+12129467800"
"343","23547","+19173256502"
"344","24581","+19292614441"
"345","24225","+19293553179"
"346","23668","+17188351302"
"347","19954","+13475310202"
"348","23641","+13472397357"
"349","1940","+12129494122"
"350","23324","+16466094098"
"351","13508","+12122078562"
"352","24067","+17186160028"
"353","15340","+12122730850"
"354","24766","+15167849844"
"355","18714","+13476273780"
"356","26450","+16094550021"
"357","24515","+17186350355"
"358","18122","+13472940232"
"359","1428","+12124961551"
"360","25163","+17187798866"
"361","26878","+16464181119"
"362","21259","+16465595889"
"363","24268","+19176535345"
"364","753","+17185422101"
"365","27010","+16464672922"
"366","20876","+19176811688"
"367","22851","+19172502626"
"368","8077","+12124857485"
"369","15050","+17188462371"
"370","22790","+13475633752"
"371","23676","+17184181112"
"372","23943","+13475663262"
"373","23773","+19293942325"
"374","24620","+17186084113"
"375","24339","+16462463525"
"376","23673","+17185617076"
"377","14655","+17183784236"
"378","26086","+17185263999"
"379","17682","+16469322322"
"380","5400","+17182515014"
"381","10203","+17184772100"
"382","15759","+17183420050"
"383","26960","+12038438547"
"384","20000","+13479353042"
"385","21643","+19173923688"
"386","24153","+16462800618"
"387","24245","+13103418175"
"388","15898","+12128672333"
"389","23576","+17184023809"
"390","15714","+16468988877"
"391","26291","+14138548444"
"392","20446","+17185885780"
"393","25409","+16179877732"
"394","19508","+12127356000"
"395","16846","+12127555900"
"396","26722","+16467526829"
"397","2925","+12122219666"
"398","25119","+12127162136"
"399","25450","+13476038013"
"400","2057","+17187825011"
"401","24706","+13477892775"
"402","25253","+13472686223"
"403","14801","+12122045222"
"404","22237","+18605182577"
"405","25726","+16464232866"
"406","25387","+17183662121"
"407","26895","+12035360660"
"408","23330","+16466459927"
"409","25146","+13478998470"
"410","22010","+19148267968"
"411","14037","+13474459441"
"412","2197","+17186584497"
"413","26612","+19498787092"
"414","21980","+12125831688"
"415","27003","+13476999546"
"416","25781","+17184848618"
"417","22062","+17183100669"
"418","9366","+12122153542"
"419","15105","+17183360007"
"420","5440","+19176632149"
"421","3741","+17182062115"
"422","25191","+12126159700"
"423","23041","+16465458469"
"424","5504","+12122222241"
"425","20859","+12122681088"
"426","24973","+16095866680"
"427","26865","+12035360660"
"428","26277","+12129650796"
"429","22113","+17185522330"
"430","8338","+12122292511"
"431","24340","+16467477351"
"432","21468","+12125766909"
"433","5771","+16464835087"
"434","18130","+12126629020"
"435","26034","+17184240119"
"436","15408","+12123243773"
"437","26032","+16467131385"
"438","654","+17182047070"
"439","7270","+17182793832"
"440","19260","+19122843260"
"441","7100","+12122343331"
"442","16732","+18007646106"
"443","26676","+13474069703"
"444","1871","+17182789839"
"445","26180","+16465736263"
"446","4802","+17188338750"
"447","15784","+17183099905"
"448","14270","+12125748202"
"449","15771","+17186821013"
"450","23284","+13477284265"
"451","22380","+12124779400"
"452","3887","+12128361540"
"453","16445","+16466237900"
"454","2452","+17188400881"
"455","25622","+17188725304"
"456","15135","+17186348257"
"457","6190","+17185958100"
"458","3793","+17183356473"
"459","12282","+12123331299"
"460","15622","+17187513976"
"461","24031","+13478627774"
"462","23440","+17185522534"
"463","9566","+12122222868"
"464","8753","+12126478777"
"465","24258","+12123278893"
"466","16223","+12126891444"
"467","23802","+16468840223"
"468","4268","+17184039342"
"469","5885","+17185992092"
"470","25814","+13475542636"
"471","21170","+19172615495"
"472","26547","+17182080127"
"473","23064","+19175865062"
"474","25241","+18323681505"
"475","26439","+19177561305"
"476","24337","+18883773099"
"477","24416","+13474137558"
"478","20011","+19177975131"
"479","4091","+17184772695"
"480","22786","+17184561304"
"481","12275","+13476631398"
"482","23796","+16465101821"
"483","14244","+12126666868"
"484","22741","+13473652710"
"485","26661","+16103563061"
"486","26705","+16465312972"
"487","8187","+17185380225"
"488","24545","+19294529954"
"489","20959","+19293349480"
"490","24261","+17142069868"
"491","23461","+12128890980"
"492","23050","+13474624150"
"493","23117","+19173749261"
"494","26013","+19172976986"
"495","8482","+12129244442"
"496","21938","+19178010091"
"497","25687","+17182926948"
"498","14122","+17185750892"
"499","5719","+17186413636"
"500","25122","+19292343888"
"501","20860","+13472718585"
"502","4618","+17182347488"
"503","16137","+17189936541"
"504","26973","+19292477465"
"505","15020","+16466647483"
"506","21273","+12129301950"
"507","25035","+17187580783"
"508","26076","+19178595608"
"509","6250","+19172843260"
"510","26012","+19296057203"
"511","26602","+12127419174"
"512","6177","+17185958100"
"513","10557","+17183208800"
"514","26037","+17186873136"
"515","8561","+17184742374"
"516","16489","+17187360995"
"517","18799","+12123020462"
"518","22039","+12122357288"
"519","16909","+12129666032"
"520","24725","+13479333715"
"521","8857","+17183810262"
"522","26832","+16469320599"
"523","11514","+17185977347"
"524","20295","+12126958080"
"525","24007","+19292447006"
"526","10060","+19176186310"
"527","18897","+19177551770"
"528","23481","+12126755096"
"529","26904","+17188287810"
"530","24137","+17186733451"
"531","21269","+17185766973"
"532","6771","+12126772290"
"533","25329","+13474042577"
"534","5130","+17183329414"
"535","22049","+16463311784"
"536","19817","+13479966840"
"537","25063","+16465906001"
"538","1020","+12125867610"
"539","19109","+13473505110"
"540","21968","+19147153029"
"541","20895","+13473375020"
"542","6591","+17189681173"
"543","12678","+12124600004"
"544","26911","+17183519333"
"545","25405","+19179299099"
"546","27022","+13478368713"
"547","25506","+13472855594"
"548","3105","+13477398410"
"549","23272","+17188736520"
"550","26883","+15164727100"
"551","22162","+19176539533"
"552","25442","+17183664100"
"553","26490","+17182943508"
"554","25495","+17188988868"
"555","26917","+17182246030"
"556","21182","+19174095940"
"557","26039","+18579398630"
"558","19281","+19176090241"
"559","26971","+19179201805"
"560","20053","+12122560701"
"561","4853","+17183766770"
"562","26725","+16467854156"
"563","26582","+17182660600"
"564","26736","+19178326881"
"565","25771","+12122062512"
"566","26519","+17187920090"
"567","6168","+17185958126"
"568","10976","+13475821075"
"569","18956","+19174050389"
"570","22785","+15165577197"
"571","24244","+19179026809"
"572","25111","+17188726773"
"573","2381","+17187683410"
"574","18832","+17185130595"
"575","4242","+17183722592"
"576","25959","+16464236907"
"577","26162","+19172616055"
"578","20922","+12124888885"
"579","1349","+17183295240"
"580","16066","+12124322232"
"581","24111","+16469303021"
"582","19861","+13478980796"
"583","22724","+19172614040"
"584","25880","+17185233200"
"585","25289","+17184638238"
"586","24733","+12122472527"
"587","2087","+12122920150"
"588","17085","+17185958192"
"589","17194","+16466570045"
"590","22373","+17187153365"
"591","24626","+19084516718"
"592","25112","+17182921801"
"593","26507","+12129200156"
"594","14128","+17184742500"
"595","22331","+12125447675"
"596","22715","+17182387100"
"597","3201","+12125319797"
"598","4518","+17186573537"
"599","19332","+19176857717"
"600","22539","+16468959586"
"601","22295","+12129441372"
"602","25659","+13473659800"
"603","26185","+16319881169"
"604","23006","+17183222167"
"605","21670","+17184408700"
"606","8740","+12127574477"
"607","5114","+17188940907"
"608","25340","+19294073935"
"609","23878","+12122811060"
"610","26437","+19179232338"
"611","25648","+13479220230"
"612","26666","+12022706688"
"613","25250","+15164597400"
"614","23885","+12129221900"
"615","2251","+17183510600"
"616","21900","+19292599836"
"617","16046","+12124656273"
"618","26986","+16463268543"
"619","21822","+19179309369"
"620","15728","+17182326191"
"621","18472","+15164106172"
"622","22310","+17183393300"
"623","2841","+17186226395"
"624","22550","+14153176266"
"625","24514","+13477324797"
"626","19389","+19177023001"
"627","22356","+16465651287"
"628","26781","+17189801189"
"629","16081","+12124656302"
"630","10977","+19176558638"
"631","22368","+16468827370"
"632","26718","+15314257337"
"633","23656","+19173188514"
"634","27017","+12128069000"
"635","22986","+17183998226"
"636","22505","+17183384709"
"637","22543","+17186810559"
"638","23179","+19176316347"
"639","26955","+19293814017"
"640","24000","+16465949646"
"641","27016","+17183211738"
"642","23555","+17182353073"
"643","16388","+13473803647"
"644","23373","+19178290840"
"645","23047","+12124885810"
"646","20945","+19178822898"
"647","16883","+17182220090"
"648","24412","+17182821437"
"649","20130","+12129818588"
"650","26875","+16462581306"
"651","26346","+13476633674"
"652","25940","+12123601988"
"653","26015","+12013492540"
"654","20151","+19089025905"
"655","26613","+12123278626"
"656","19370","+19172658430"
"657","2081","+12127048900"
"658","25812","+19178227252"
"659","25406","+15082081825"
"660","19502","+17043284036"
"661","16123","+12124656273"
"662","8075","+12124857485"
"663","21297","+17184808686"
"664","23333","+19178680763"
"665","26639","+13474894135"
"666","10464","+19179024851"
"667","9025","+12124777771"
"668","19913","+12125244104"
"669","24876","+13477709051"
"670","22195","+12126270900"
"671","26512","+19175973789"
"672","25246","+19172615962"
"673","18549","+19172785700"
"674","26797","+19292502244"
"675","23636","+16467191600"
"676","10819","+17186879954"
"677","25865","+16468692746"
"678","16028","+12124656273"
"679","20159","+12038144405"
"680","26504","+12124641919"
"681","23489","+16462151100"
"682","26194","+13479470005"
"683","21926","+17185858665"
"684","25752","+17188515888"
"685","751","+12125332627"
"686","22130","+17188833919"
"687","22298","+19294196988"
"688","12911","+16466570066"
"689","26157","+16464629340"
"690","16050","+12124656310"
"691","22708","+16467558586"
"692","24707","+16464042762"
"693","1810","+17186931740"
"694","10176","+12128239482"
"695","25724","+16463988000"
"696","26837","+15169938050"
"697","20046","+17184500886"
"698","8268","+17187560699"
"699","25368","+15082081825"
"700","26901","+19179758153"
"701","22696","+17185248531"
"702","24971","+12127306740"
"703","24850","+13479873841"
"704","18902","+17189081342"
"705","23949","+13474958643"
"706","8899","+17188270166"
"707","23801","+12126159700"
"708","24503","+12122530568"
"709","22496","+19179699399"
"710","26306","+16463991037"
"711","23390","+12127955841"
"712","24004","+13479526934"
"713","3644","+12129696179"
"714","24585","+19174782032"
"715","19860","+16463879615"
"716","21231","+12128747774"
"717","26881","+15164727100"
"718","25843","+19179666094"
"719","25997","+13472658602"
"720","23060","+19292950060"
"721","26603","+19173922236"
"722","20335","+16467191239"
"723","21661","+12062250663"
"724","22243","+18563667052"
"725","21883","+13476938811"
"726","24299","+16468942162"
"727","25847","+13475060046"
"728","13297","+17186246688"
"729","3171","+17182270494"
"730","25644","+12013102281"
"731","25878","+12024988673"
"732","20992","+17322102311"
"733","25342","+15082081825"
"734","21580","+16467280505"
"735","23056","+16468508013"
"736","17797","+17182717372"
"737","10748","+12125052029"
"738","4723","+17183842836"
"739","12417","+13477630440"
"740","23575","+13479548596"
"741","22057","+19176205049"
"742","22287","+16464201581"
"743","7734","+13474220852"
"744","26477","+16465991068"
"745","10083","+19176186310"
"746","20196","+12124706665"
"747","24164","+19177555600"
"748","10089","+19176186310"
"749","8655","+17189778260"
"750","1717","+17182754347"
"751","26616","+19178928180"
"752","26972","+13476124580"
"753","25593","+13476638668"
"754","6294","+16467213111"
"755","9947","+12124323825"
"756","20923","+17186060001"
"757","2518","+17184414111"
"758","23093","+17183528885"
"759","23846","+17183213688"
"760","23013","+18579398630"
"761","19013","+12125829354"
"762","25172","+17183582798"
"763","26534","+17817384536"
"764","22608","+12124622703"
"765","17907","+16468961667"
"766","5735","+17188164844"
"767","6912","+17189671212"
"768","21713","+17186998866"
"769","17125","+19175608012"
"770","26130","+12125325003"
"771","23933","+17188869588"
"772","6322","+12122536266"
"773","20605","+12122391519"
"774","26518","+19145255331"
"775","25439","+19174727801"
"776","25826","+16469414051"
"777","22906","+12122305788"
"778","25901","+17185991154"
"779","23040","+16462677700"
"780","24026","+13477025711"
"781","22731","+13472133313"
"782","22582","+17183223903"
"783","22880","+19172165259"
"784","20198","+17187213200"
"785","23294","+13475297979"
"786","10411","+17188801478"
"787","23246","+17188712233"
"788","23145","+17182920600"
"789","11551","+12126821610"
"790","22664","+13473750990"
"791","9040","+13475830891"
"792","26440","+16179155199"
"793","3554","+17182220345"
"794","23288","+13477284265"
"795","25952","+13476227659"
"796","25804","+19292894144"
"797","17438","+19173278186"
"798","26309","+13474637060"
"799","22752","+13479224449"
"800","11688","+17185925700"
"801","10206","+19173308771"
"802","23453","+12124770104"
"803","19975","+17184608678"
"804","26446","+13053337960"
"805","25048","+12129667364"
"806","23325","+12129209370"
"807","26317","+17188341776"
"808","25258","+19172910061"
"809","6210","+17185958100"
"810","1533","+12127692296"
"811","26822","+19177437388"
"812","12211","+17183887567"
"813","20077","+17182427476"
"814","18168","+17189338765"
"815","24892","+17187926868"
"816","3830","+17183874182"
"817","7081","+12125750088"
"818","24291","+17186998166"
"819","19420","+17185958192"
"820","24327","+1__________"
"821","24321","+16467218748"
"822","2409","+12127876008"
"823","3362","+17182745040"
"824","5763","+17186566210"
"825","4299","+17184245693"
"826","22093","+17182563618"
"827","26983","+16464041005"
"828","1522","+12127900247"
"829","24939","+19293290053"
"830","23337","+19176891584"
"831","25358","+19174550249"
"832","17969","+16463381338"
"833","22275","+17184843744"
"834","23406","+17183330811"
"835","25440","+15104284081"
"836","17084","+17185958192"
"837","24309","+17189848773"
"838","9234","+12124100707"
"839","27047","+17186679662"
"840","12419","+12129797778"
"841","26143","+12125325003"
"842","15463","+17186367823"
"843","16541","+13479188953"
"844","26559","+17188061493"
"845","26404","+17183627888"
"846","23514","+15165577197"
"847","24625","+16468700571"
"848","26826","+17184742202"
"849","23252","+13053897200"
"850","23985","+13473263165"
"851","25725","+17188354408"
"852","24402","+17183993000"
"853","26935","+1917 364 4730"
"854","23110","+13478284608"
"855","10204","+12127761478"
"856","24998","+19172620938"
"857","13956","+16469186169"
"858","15214","+12126159700"
"859","22720","+17182333888"
"860","25145","+15165130927"
"861","24041","+17183830033"
"862","5775","+16464775291"
"863","23652","+13474003265"
"864","22410","+17187276265"
"865","16124","+12124656273"
"866","23803","+17188168458"
"867","22470","+12124733897"
"868","24880","+13475773177"
"869","22353","+16463014237"
"870","24473","+13236278562"
"871","21073","+13476679426"
"872","21646","+15163304388"
"873","4391","+17187670204"
"874","22369","+16463740127"
"875","22221","+19292960277"
"876","14819","+16466883504"
"877","27011","+17186852339"
"878","25713","+17184503844"
"879","24176","+16464299296"
"880","20158","+19172620978"
"881","14952","+13472814481"
"882","25300","+17188862060"
"883","21201","+16465807533"
"884","12223","+12019267105"
"885","4322","+12126492724"
"886","3654","+12127374400"
"887","21987","+19175351907"
"888","6816","+17184839111"
"889","5987","+17185274653"
"890","25313","+12129252963"
"891","21715","+13479676009"
"892","4140","+12127304949"
"893","592","+12125024023"
"894","17856","+13479874250"
"895","23095","+12127621947"
"896","24508","+17189871111"
"897","16070","+17188518878"
"898","26673","+17188380237"
"899","19442","+17185106256"
"900","24274","+12122266758"
"901","26071","+17188333000"
"902","23608","+17189753664"
"903","25188","+19178582917"
"904","23755","+17187826666"
"905","26727","+17184339688"
"906","22409","+16467444912"
"907","2326","+12127376534"
"908","20072","+19172615353"
"909","25051","+19174784390"
"910","1297","+12125867610"
"911","19423","+17183842269"
"912","23633","+17188532818"
"913","6182","+17185958126"
"914","21091","+19179665124"
"915","26916","+17188096990"
"916","22746","+12129255340"
"917","27061","+16468874551"
"918","26624","+17185522610"
"919","24978","+13472972890"
"920","22224","+12128320395"
"921","25984","+19292932959"
"922","3695","+12129795521"
"923","930","+17189791600"
"924","4115","+12126440692"
"925","14574","+19173964635"
"926","8072","+12124857485"
"927","23248","+16466391167"
"928","22669","+12327272005"
"929","26596","+17343308330"
"930","23263","+13476613467"
"931","22991","+12127994111"
"932","10090","+19176186310"
"933","25975","+13478617088"
"934","26480","+12125292671"
"935","25663","+18475300095"
"936","1575","+17189417220"
"937","24478","+19179017277"
"938","22640","+12127666600"
"939","24236","+17185290290"
"940","26562","+19173483700"
"941","25855","+19179080026"
"942","15799","+13474047042"
"943","13077","+17184408789"
"944","20661","+19292375917"
"945","18817","+17182206400"
"946","20983","+17188827272"
"947","23738","+17184425050"
"948","22267","+16467915860"
"949","20041","+16466836178"
"950","21578","+19176810062"
"951","26584","+13477036610"
"952","23306","+13476441776"
"953","24093","+12128052723"
"954","24528","+17182822288"
"955","26053","+16463689139"
"956","20601","+17182783333"
"957","26323","+19172620012"
"958","18818","+17187084802"
"959","26556","+12018507439"
"960","18072","+19089025905"
"961","19560","+19544222183"
"962","25391","+17189401926"
"963","24873","+13477249586"
"964","24677","+19175357188"
"965","25592","+12126004113"
"966","4636","+12128791764"
"967","6209","+17185958100"
"968","26649","+19174751272"
"969","25318","+16464090834"
"970","25343","+16468536970"
"971","16260","+12129962864"
"972","25353","+19178808507"
"973","26790","+17187385361"
"974","6901","+17183351150"
"975","25872","+12128881092"
"976","23299","+19178341687"
"977","19871","+13475673692"
"978","20230","+12125108005"
"979","26102","+12125177789"
"980","25758","+12125950099"
"981","23203","+19175635166"
"982","7327","+17182741910"
"983","26499","+16466598080"
"984","23722","+16464787217"
"985","24695","+17184840004"
"986","22554","+19172150547"
"987","25690","+19172658432"
"988","24621","+13472643888"
"989","26010","+13476249277"
"990","25384","+13056087302"
"991","26469","+12128101273"
"992","26659","+17182040204"
"993","26570","+19172387228"
"994","20917","+19292573793"
"995","1179","+17182991925"
"996","21353","+17184873930"
"997","24322","+19175127531"
"998","25972","+13476595670"
"999","6461","+17188015465"
"1000","26778","+13477373631"
"1001","22877","+17188747313"
"1002","25182","+19178269951"
"1003","21770","+12122271908"
"1004","22372","+17187914462"
"1005","11540","+12125827941"
"1006","25351","+12126459009"
"1007","23485","+17183025000"
"1008","25608","+17189618666"
"1009","21120","+12019662263"
"1010","2978","+17185159467"
"1011","24597","+16462814433"
"1012","23524","+19176807924"
"1013","26084","+19174727874"
"1014","4856","+17183763590"
"1015","19593","+15167361721"
"1016","26385","+17184813709"
"1017","26942","+17184618899"
"1018","22683","+16462629016"
"1019","3780","+12128094101"
"1020","25933","+16468501400"
"1021","26284","+17185011109"
"1022","20711","+12122450002"
"1023","25197","+19178540000"
"1024","20727","+19176677006"
"1025","20016","+12122217480"
"1026","26163","+17187304140"
"1027","16510","+12126149100"
"1028","26945","+16463788668"
"1029","16852","+16465993512"
"1030","24993","+16465590656"
"1031","24851","+12122452325"
"1032","25600","+19173189172"
"1033","8598","+17183227866"
"1034","24513","+15028742094"
"1035","17473","+19173049069"
"1036","1994","+17182598840"
"1037","4779","+17185076539"
"1038","22091","+19173651912"
"1039","6170","+17185958100"
"1040","297","+17185311200"
"1041","24559","+13472727551"
"1042","26365","+12122133317"
"1043","24373","+13477436487"
"1044","26520","+19179711252"
"1045","25917","+13475462949"
"1046","22787","+12125815999"
"1047","25032","+12127772017"
"1048","21726","+17183435888"
"1049","3112","+12128893369"
"1050","20953","+17185221806"
"1051","23463","+16094015056"
"1052","25451","+17182926948"
"1053","23675","+16465968198"
"1054","3542","+17182055978"
"1055","23708","+19173403430"
"1056","21349","+16465412973"
"1057","24760","+17182246030"
"1058","2439","+17189814650"
"1059","25564","+12122805858"
"1060","27063","+17186901497"
"1061","20589","+16462941527"
"1062","23950","+12122261248"
"1063","17226","+13478220402"
"1064","1619","+17187512030"
"1065","25445","+17183924071"
"1066","26191","+12128611340"
"1067","24208","+13328773855"
"1068","22784","+19173486877"
"1069","25866","+17189757577"
"1070","27027","+17182298788"
"1071","22628","+13472785342"
"1072","25069","+17188510880"
"1073","25967","+17187576644"
"1074","24668","+17185066449"
"1075","26377","+17187011630"
"1076","26979","+19293308883"
"1077","23630","+19177892338"
"1078","26236","+17188726663"
"1079","20957","+19175771827"
"1080","19657","+19175997414"
"1081","10487","+12127457575"
"1082","5761","+16464835087"
"1083","6237","+19172843260"
"1084","21254","+17189300071"
"1085","23896","+17185330016"
"1086","24794","+19292856666"
"1087","26043","+19173899585"
"1088","8756","+12123878487"
"1089","26347","+16467280505"
"1090","25929","+14072454804"
"1091","6200","+17185958100"
"1092","22290","+17187974394"
"1093","20154","+16319536100"
"1094","16058","+12124656273"
"1095","4933","+16468869043"
"1096","20091","+16467073375"
"1097","25830","+17187011630"
"1098","16048","+12124656273"
"1099","25990","+13304723841"
"1100","23051","+17188633900"
"1101","6741","+12122192527"
"1102","26761","+19176740093"
"1103","22807","+16466371820"
"1104","7247","+17184162500"
"1105","5459","+12125777176"
"1106","21135","+13472210885"
"1107","8722","+12123248015"
"1108","15476","+17186224300"
"1109","26617","+17188331500"
"1110","24617","+16462671500"
"1111","25604","+19172879407"
"1112","27058","+13475122231"
"1113","3869","+17183497623"
"1114","24751","+19292046187"
"1115","26116","+12125325003"
"1116","20332","+17183311414"
"1117","25336","+13474351034"
"1118","22529","+17188047272"
"1119","23444","+16468700333"
"1120","24497","+12129967800"
"1121","23091","+13473997236"
"1122","1800","+17188859898"
"1123","24413","+15619511903"
"1124","23302","+19293265967"
"1125","26862","+14342499788"
"1126","26643","+17184154938"
"1127","11520","+13478202261"
"1128","26407","+12016865943"
"1129","25645","+13478869136"
"1130","23487","+17184467600"
"1131","26253","+13474624150"
"1132","26254","+12123485400"
"1133","22569","+12124148429"
"1134","21984","+19294518892"
"1135","18435","+12125642181"
"1136","26336","+16466232452"
"1137","24096","+12129866400"
"1138","24143","+17186835755"
"1139","21233","+12122780869"
"1140","24832","+16468376166"
"1141","18234","+16468061848"
"1142","26988","+19177946551"
"1143","6861","+17183536808"
"1144","25077","+12125183265"
"1145","24346","+12678861221"
"1146","24477","+12126641600"
"1147","20886","+13472844103"
"1148","20521","+19174759192"
"1149","26267","+12128641804"
"1150","26510","+17189569688"
"1151","25403","+17187551177"
"1152","24778","+16468239815"
"1153","18652","+17189669486"
"1154","26171","+13474926100"
"1155","24073","+12125728600"
"1156","22210","+13473974823"
"1157","25193","+16468388880"
"1158","27085","+17182609000"
"1159","26948","+16466435434"
"1160","26258","+12123485400"
"1161","24764","+16508856177"
"1162","14951","+13479263292"
"1163","23260","+19177231616"
"1164","18065","+16463987710"
"1165","23354","+19173005573"
"1166","25280","+17184702255"
"1167","26866","+12035360660"
"1168","21284","+17185991899"
"1169","24272","+17182556260"
"1170","26108","+12125325003"
"1171","27004","+17184314294"
"1172","24950","+12123959280"
"1173","21865","+17184209333"
"1174","25098","+12126971201"
"1175","18098","+16469523409"
"1176","21878","+17183362600"
"1177","22235","+15127896128"
"1178","13520","+12122038095"
"1179","6238","+19172843260"
"1180","26589","+17186846433"
"1181","20210","+12126649608"
"1182","19934","+19176403667"
"1183","26234","+17186403644"
"1184","24405","+1NA"
"1185","24360","+17188211190"
"1186","26710","+13479895913"
"1187","22474","+13479873055"
"1188","23437","+19176406811"
"1189","8289","+12125679588"
"1190","21384","+16466493378"
"1191","14112","+16465594644"
"1192","24218","+17184102838"
"1193","18106","+16467655977"
"1194","18830","+17169081689"
"1195","26840","+12035360660"
"1196","25171","+17183212012"
"1197","26892","+17188580258"
"1198","23756","+17182790808"
"1199","24179","+17189978000"
"1200","25164","+12125293033"
"1201","24355","+17186432341"
"1202","26755","+16468618888"
"1203","26478","+17184409799"
"1204","21376","+17188492700"
"1205","26339","+13472236201"
"1206","25042","+17188210688"
"1207","26424","+16466260268"
"1208","24900","+17186988866"
"1209","26119","+19292465118"
"1210","11347","+13478100299"
"1211","23797","+16462402388"
"1212","226","+12124737676"
"1213","25766","+17188591501"
"1214","26305","+12125867579"
"1215","18550","+13476962500"
"1216","7497","+16467658269"
"1217","17627","+17189797928"
"1218","16188","+12124656273"
"1219","23344","+17187411426"
"1220","26190","+12129807161"
"1221","21885","+16463895712"
"1222","17042","+16463584021"
"1223","26295","+19174727800"
"1224","22579","+17182654415"
"1225","2884","+12122972500"
"1226","21857","+17184069861"
"1227","26834","+19174026919"
"1228","22901","+16466697282"
"1229","26847","+12129560731"
"1230","24222","+16466783136"
"1231","25366","+12122285529"
"1232","9837","+17182518095"
"1233","26359","+16462145768"
"1234","23500","+16466697332"
"1235","26693","+13473974774"
"1236","25381","+16466443556"
"1237","19480","+19177048881"
"1238","23257","+13473803457"
"1239","21459","+17182291503"
"1240","25143","+18605182577"
"1241","25453","+16315526304"
"1242","26259","+12123485400"
"1243","23014","+17188061856"
"1244","22888","+17186226227"
"1245","25970","+17189394357"
"1246","14450","+16465695310"
"1247","6202","+17185958100"
"1248","25788","+17185063992"
"1249","23183","+15088846855"
"1250","22747","+12124753850"
"1251","26089","+16466093829"
"1252","3702","+17185997007"
"1253","21827","+19292343210"
"1254","4918","+12124059100"
"1255","25719","+13478998046"
"1256","24174","+16467564206"
"1257","23295","+13473488790"
"1258","26187","+19175439004"
"1259","25909","+13473747507"
"1260","6871","+17183708080"
"1261","24678","+19176879365"
"1262","11507","+17183507860"
"1263","27037","+17186371005"
"1264","21809","+12126441300"
"1265","26702","+19178465114"
"1266","22994","+16469228589"
"1267","25784","+17188714989"
"1268","16802","+17184585260"
"1269","26610","+16465523041"
"1270","26692","+17188776060"
"1271","22709","+17183685959"
"1272","23709","+19294243098"
"1273","25846","+17188887737"
"1274","2995","+12125803770"
"1275","24833","+19173536405"
"1276","25211","+17185625885"
"1277","26645","+12127758540"
"1278","27052","+12122582999"
"1279","26065","+17186843999"
"1280","26776","+19177437388"
"1281","23961","+16468226991"
"1282","25085","+19172616602"
"1283","25966","+12122456077"
"1284","25475","+16462891366"
"1285","25696","+12124896959"
"1286","21070","+17187239181"
"1287","23812","+17183511000"
"1288","26546","+17182080127"
"1289","23692","+13479258605"
"1290","22042","+19174368286"
"1291","23228","+17182326083"
"1292","18621","+17189660300"
"1293","25688","+17189939367"
"1294","23932","+17186051010"
"1295","24815","+16466410054"
"1296","24550","+19172614001"
"1297","26184","+13474493827"
"1298","25276","+12125783393"
"1299","23261","+12124611001"
"1300","26395","+17187791301"
"1301","6196","+17185958100"
"1302","26564","+13474684846"
"1303","26220","+13476392047"
"1304","11336","+12122280404"
"1305","26352","+17185244201"
"1306","23565","+12123041360"
"1307","26848","+15713345843"
"1308","26527","+19172245449"
"1309","16550","+12126159700"
"1310","25797","+12125931020"
"1311","26821","+19177437388"
"1312","16161","+17186845166"
"1313","23003","+12122437752"
"1314","24065","+17187956916"
"1315","24182","+16468942718"
"1316","26384","+12127862068"
"1317","23968","+16316039064"
"1318","26597","+12127698990"
"1319","24319","+17182086106"
"1320","26552","+16463211090"
"1321","11465","+16468526320"
"1322","23757","+19292950285"
"1323","26739","+19177532272"
"1324","18135","+13474350144"
"1325","2277","+12124861964"
"1326","24484","+13474639595"
"1327","23357","+19143863935"
"1328","24831","+13474250661"
"1329","6318","+17186800019"
"1330","24345","+16464778909"
"1331","14716","+17183592588"
"1332","26115","+12125325003"
"1333","23221","+19175356129"
"1334","26299","+17188775815"
"1335","27033","+16464776879"
"1336","26350","+19172084991"
"1337","22853","+13476366729"
"1338","25505","+12125811581"
"1339","7429","+12122966699"
"1340","25851","+16465417110"
"1341","22127","+12123623333"
"1342","26943","+17183213403"
"1343","26923","+17182736445"
"1344","24326","+13478259092"
"1345","26334","+19179071126"
"1346","24474","+12014556440"
"1347","25206","+19290336603"
"1348","23099","+12123881276"
"1349","25759","+17184215600"
"1350","25896","+12125598999"
"1351","26515","+15168847835"
"1352","26502","+17182688833"
"1353","23193","+12127770034"
"1354","22620","+17184847814"
"1355","26698","+19293819523"
"1356","25982","+16464160234"
"1357","22630","+17183314372"
"1358","26466","+19294219987"
"1359","22984","+13472945531"
"1360","26151","+17186542067"
"1361","23607","+13473390271"
"1362","21925","+19172143321"
"1363","25005","+16465900128"
"1364","23279","+19143373370"
"1365","16095","+12124656302"
"1366","24255","+13477351606"
"1367","26128","+16468924288"
"1368","26560","+16465919996"
"1369","26903","+16313045068"
"1370","26420","+16468988884"
"1371","24051","+12129671678"
"1372","21356","+17185905691"
"1373","20929","+13476075722"
"1374","20406","+16466827788"
"1375","23211","+17183817200"
"1376","26373","+13477615121"
"1377","20382","+12122675400"
"1378","26321","+17187798177"
"1379","26611","+19172888898"
"1380","26985","+17187482042"
"1381","19421","+17185958192"
"1382","21465","+12124751920"
"1383","26671","+19294739898"
"1384","26929","+19176524556"
"1385","26811","+17189723756"
"1386","25672","+17189152576"
"1387","26843","+17186492121"
"1388","22850","+12125483400"
"1389","16004","+12124656273"
"1390","26529","+16463722974"
"1391","26451","+17186790452"
"1392","19175","+12123096606"
"1393","20919","+12125262181"
"1394","24738","+17187926020"
"1395","25355","+12122341833"
"1396","23820","+17183663262"
"1397","25067","+16468802095"
"1398","26320","+13477494500"
"1399","26700","+13472452226"
"1400","24526","+1NA"
"1401","25668","+16469431582"
"1402","25703","+13478512000"
"1403","25870","+16465172699"
"1404","21884","+16463895712"
"1405","25382","+17184898370"
"1406","24575","+19293308883"
"1407","25376","+12127367890"
"1408","22430","+17184244999"
"1409","25850","+17187011630"
"1410","26196","+16463799909"
"1411","27081","+13176006203"
"1412","25261","+13479432424"
"1413","25736","+19146023590"
"1414","24487","+12123959280"
"1415","24507","+13472548100"
"1416","22018","+16469619801"
"1417","21601","+17184137904"
"1418","23505","+12124142560"
"1419","24056","+12129671678"
"1420","7899","+17185472679"
"1421","19803","+17184961397"
"1422","26563","+12127656463"
"1423","6568","+12129672344"
"1424","26680","+17184231234"
"1425","15161","+17189654237"
"1426","27009","+19173531008"
"1427","25913","+19144713443"
"1428","25710","+13478932508"
"1429","23833","+16095866680"
"1430","26400","+16467477201"
"1431","18404","+15163139785"
"1432","26270","+12126355757"
"1433","16190","+12124656302"
"1434","26405","+13478502388"
"1435","26035","+19176840703"
"1436","21538","+19175572057"
"1437","22958","+17184856868"
"1438","26113","+19176840703"
"1439","24055","+12129671678"
"1440","26392","+19175133582"
"1441","26049","+13057589288"
"1442","24853","+12128775700"
"1443","25298","+17323304199"
"1444","23015","+17188224800"
"1445","26912","+19293376767"
"1446","23599","+17182814210"
"1447","25385","+13478061295"
"1448","23283","+16467558145"
"1449","26318","+16467871344"
"1450","22506","+19178644932"
"1451","26557","+17185522611"
"1452","23865","+16465906800"
"1453","22253","+13478678168"
"1454","26636","+12126309973"
"1455","21645","+12126894002"
"1456","25167","+13478669997"
"1457","21804","+17182957272"
"1458","26657","+19172915340"
"1459","27001","+17188333999"
"1460","22867","+12127770361"
"1461","25109","+13473663634"
"1462","25732","+17185763086"
"1463","26122","+13472605056"
"1464","27086","+13478547284"
"1465","20856","+12122680188"
"1466","26033","+17184971000"
"1467","25443","+19145486310"
"1468","26186","+13107801896"
"1469","24216","+19174550203"
"1470","22878","+19175335540"
"1471","11587","+12159970667"
"1472","24679","+13476278080"
"1473","21709","+16467095684"
"1474","26428","+19178567771"
"1475","16051","+12124656273"
"1476","23577","+19292041567"
"1477","25467","+12129560900"
"1478","26027","+16467131380"
"1479","21552","+19172024433"
"1480","21335","+13477253017"
"1481","25179","+17184592800"
"1482","21907","+19175892704"
"1483","26328","+16465733129"
"1484","22269","+19176553379"
"1485","25344","+13474482316"
"1486","25937","+13474353660"
"1487","25585","+17189098813"
"1488","26435","+17189221052"
"1489","26561","+13144823443"
"1490","25923","+13474583787"
"1491","23494","+16466646911"
"1492","11810","+12124755400"
"1493","26690","+13474274884"
"1494","26938","+19172871511"
"1495","24608","+16467836825"
"1496","26416","+16465967759"
"1497","24793","+17185843333"
"1498","23665","+17182104606"
"1499","26922","+15712308187"
"1500","24797","+19175288868"
"1501","27049","+12066614091"
"1502","26524","+17186860079"
"1503","26734","+17183255564"
"1504","4707","+17186295558"
"1505","26429","+19177014510"
"1506","26223","+19292950148"
"1507","18078","+13474139695"
"1508","25268","+12127328257"
"1509","27014","+12122222381"
"1510","22838","+12122560207"
"1511","26467","+17183735862"
"1512","26954","+19175008470"
"1513","25572","+13477991433"
"1514","26394","+19174460639"
"1515","18066","+19175637879"
"1516","24372","+17182971700"
"1517","22882","+19178487907"
"1518","26205","+17188966667"
"1519","23465","+19175751824"
"1520","23138","+17183538855"
"1521","23186","+13478080000"
"1522","22597","+17187454888"
"1523","26863","+16109886029"
"1524","16040","+12124646273"
"1525","24784","+19179575017"
"1526","24364","+16463347923"
"1527","26399","+17186261222"
"1528","27000","+13476789622"
"1529","26681","+12129834241"
"1530","22173","+12128435100"
"1531","26793","+17183831810"
"1532","22920","+12122675400"
"1533","26214","+17186580917"
"1534","25906","+13477344106"
"1535","26654","+12125677179"
"1536","21998","+17186220022"
"1537","20539","+13036817557"
"1538","21734","+19177679092"
"1539","24106","+19173005405"
"1540","26472","+17183006191"
"1541","23582","+17184415340"
"1542","12383","+13478436333"
"1543","23586","+12127862068"
"1544","21540","+17183863718"
"1545","25080","+19175191600"
"1546","22959","+17188488922"
"1547","26638","+12122837752"
"1548","26293","+17187747665"
"1549","18887","+17184174328"
"1550","26129","+12124207031"
"1551","27026","+12127677077"
"1552","23399","+19178335604"
"1553","19185","+12122436262"
"1554","26884","+16466675455"
"1555","21387","+1213487775"
"1556","26841","+12035360660"
"1557","25477","+17188868528"
"1558","26172","+19177975131"
"1559","26438","+19177706571"
"1560","24728","+17189750001"
"1561","26871","+12035360660"
"1562","25373","+16466092911"
"1563","21224","+17185653990"
"1564","26344","+17043285090"
"1565","25407","+15082081825"
"1566","26699","+13478457238"
"1567","23508","+16465933860"
"1568","26161","+16465805126"
"1569","24731","+12128385080"
"1570","22989","+12127157247"
"1571","26706","+19175179005"
"1572","24660","+19298556668"
"1573","27015","+12128069000"
"1574","24989","+13476171606"
"1575","27054","+13479226502"
"1576","24278","+16462412542"
"1577","26415","+17183537327"
"1578","26569","+18888884757"
"1579","26485","+13477650320"
"1580","19400","+17184992198"
"1581","21452","+12123885565"
"1582","24889","+19175823063"
"1583","27048","+18452498365"
"1584","26888","+13476365016"
"1585","22198","+13472944334"
"1586","22443","+13478829067"
"1587","26974","+17184847674"
"1588","22764","+17183616822"
"1589","25049","+19176137264"
"1590","21379","+17186400500"
"1591","25829","+17187011630"
"1592","16043","+12124656302"
"1593","19325","+15164139633"
"1594","23467","+19178605337"
"1595","24032","+19176221488"
"1596","24015","+17188031600"
"1597","26963","+13472666551"
"1598","26388","+13474210062"
"1599","25194","+13476352476"
"1600","26860","+19173270058"
"1601","24134","+12122470122"
"1602","6320","+17185958100"
"1603","24266","+17187761301"
"1604","22999","+12039369041"
"1605","26625","+16128670809"
"1606","24945","+16465903133"
"1607","25825","+15167923957"
"1608","26842","+12035360660"
"1609","24338","+16463296875"
"1610","25325","+17189424666"
"1611","22301","+18888992213"
"1612","25743","+17183085555"
"1613","21647","+17189754499"
"1614","24977","+12129479298"
"1615","26324","+17187011630"
"1616","25541","+15165742649"
"1617","24087","+19174750573"
"1618","25793","+17184479563"
"1619","24260","+13477351261"
"1620","12266","+17189771081"
"1621","25815","+17183561414"
"1622","16193","+12124656273"
"1623","23835","+19173096992"
"1624","26779","+19177437388"
"1625","21430","+19175003374"
"1626","26623","+16468248732"
"1627","26600","+19173744141"
"1628","26893","+12035360660"
"1629","26819","+19177437388"
"1630","2014","+12122658610"
"1631","26414","+19293082399"
"1632","25312","+19292573793"
"1633","26810","+19177719490"
"1634","26264","+191710358"
"1635","26910","+16464951242"
"1636","26500","+19176564221"
"1637","26103","+12123485400"
"1638","24270","+17184636474"
"1639","23422","+17188751273"
"1640","23412","+12122487487"
"1641","26571","+19294344361"
"1642","26940","+13479814461"
"1643","22655","+17186318881"
"1644","24974","+19292960069"
"1645","26930","+13476040107"
"1646","25817","+16612948877"
"1647","25619","+19739785620"
"1648","26531","+17187281001"
"1649","26330","+12124272567"
"1650","27030","+13476595670"
"1651","26996","+17186366038"
"1652","18203","+12125646117"
"1653","24088","+12129949828"
"1654","26886","+15164727100"
"1655","24705","+16317036159"
"1656","21044","+19179811188"
"1657","25953","+19172140963"
"1658","23353","+19739510117"
"1659","23426","+12122529600"
"1660","26658","+17183735862"
"1661","22044","+16462410889"
"1662","26341","+17185766671"
"1663","25412","+17184271387"
"1664","22744","+17188085650"
"1665","25819","+19176370523"
"1666","23397","+16072210610"
"1667","24849","+19172926208"
"1668","24688","+17189754496"
"1669","21426","+19172617611"
"1670","26869","+12035360660"
"1671","24844","+16314526546"
"1672","27023","+13472518687"
"1673","24445","+17183685959"
"1674","173","+17187418295"
"1675","26056","+13475469328"
"1676","26176","+15512599522"
"1677","25165","+17189020560"
"1678","24795","+17185560888"
"1679","24377","+13475297772"
"1680","24905","+17188752828"
"1681","25339","+12127369000"
"1682","25616","+17184839170"
"1683","25297","+19179139694"
"1684","23177","+17188802255"
"1685","25848","+16464763865"
"1686","26132","+12125325003"
"1687","27082","+19178879589"
"1688","25462","+19179151821"
"1689","22374","+19172328239"
"1690","21502","+13472359423"
"1691","24983","+13474291114"
"1692","26551","+117541133091"
"1693","26082","+17188792376"
"1694","26970","+15166558500"
"1695","21051","+19175882281"
"1696","22646","+13474629696"
"1697","26516","+19172573565"
"1698","26991","+13479725338"
"1699","6203","+17185958100"
"1700","25521","+19172921908"
"1701","25302","+13478134192"
"1702","25452","+1718797619"
"1703","26051","+16109886029"
"1704","18535","+17185130840"
"1705","24825","+13478378223"
"1706","27036","+13476221111"
"1707","25515","+17189983124"
"1708","2008","+17182841879"
"1709","26855","+19178618181"
"1710","24406","+17184746100"
"1711","26941","+16468633961"
"1712","26746","+19178865384"
"1713","25086","+19179020067"
"1714","24329","+19175631322"
"1715","24114","+19174163314"
"1716","24999","+17189023462"
"1717","23479","+17184467600"
"1718","26780","+12127902700"
"1719","26949","+19174204330"
"1720","24159","+19172683240"
"1721","22565","+1NA"
"1722","22379","+13477312012"
"1723","21889","+17184333905"
"1724","21895","+17182246030"
"1725","24814","+19178683463"
"1726","26791","+19173341508"
"1727","24461","+17184053400"
"1728","23627","+19178054375"
"1729","26758","+19174039861"
"1730","25354","+13476767566"
"1731","26742","+16463521950"
"1732","26987","+17186147000"
"1733","26403","+13473568812"
"1734","26766","+12127533900"
"1735","26381","+16463277565"
"1736","26475","+16464562676"
"1737","22549","+17184431600"
"1738","26885","+17186315545"
"1739","27069","+15167821861"
"1740","16035","+12124656273"
"1741","26000","+19173596761"
"1742","26740","+12126330071"
"1743","22131","+16506326202"
"1744","25421","+12015752557"
"1745","20098","+15106533394"
"1746","26801","+19292161616"
"1747","21665","+12124448935"
"1748","26873","+12035360660"
"1749","6194","+17185958100"
"1750","24578","+16468690826"
"1751","26909","+16464951242"
"1752","19886","+19176017790"
"1753","25114","+13477991178"
"1754","23918","+12124773070"
"1755","24542","+17189333819"
"1756","24981","+17043285090"
"1757","23094","+17182388880"
"1758","26380","+19178162865"
"1759","2372","+17188859656"
"1760","26664","+19172915340"
"1761","26818","+16465101994"
"1762","21450","+19179668440"
"1763","23669","+16466430950"
"1764","24985","+17182592900"
"1765","26134","+12125325003"
"1766","21250","+17188462371"
"1767","25640","+17186570796"
"1768","24957","+16468759141"
"1769","26252","+16463537355"
"1770","26741","+13474595256"
"1771","26204","+13475875100"
"1772","26694","+12129720385"
"1773","25891","+13474259260"
"1774","26703","+15183538198"
"1775","26646","+17043285090"
"1776","18713","+19173983488"
"1777","26918","+12017230073"
"1778","26968","+16095866680"
"1779","25789","+19176201998"
"1780","24623","+17186846005"
"1781","26101","+16467084368"
"1782","325","+19179214213"
"1783","26144","+12126507034"
"1784","24150","+13479928629"
"1785","26861","+19084871499"
"1786","27070","+17184067775"
"1787","26660","+16463879761"
"1788","26856","+19176824778"
"1789","26872","+12126159700"
"1790","22533","+17182957272"
"1791","23725","+12125358333"
"1792","26798","+13472804871"
"1793","27012","+13472936985"
"1794","27064","+16467646463"
"1795","26708","+19176554440"
"1796","26094","+17185261501"
"1797","22942","+19176393564"
"1798","26218","+16468127612"
"1799","26458","+19176238387"
"1800","26605","+12122468880"
"1801","26260","+17184849659"
"1802","20389","+17186901497"
"1803","26471","+17189160228"
"1804","22945","+19292950713"
"1805","24580","+16466095122"
"1806","24257","+12123277890"
"1807","21369","+18608405865"
"1808","2910","+17184243716"
"1809","24684","+12126159700"
"1810","25858","+12024911240"
"1811","17196","+12122441111"
"1812","23269","+17183481730"
"1813","18299","+17183883265"
"1814","24941","+12017882403"
"1815","26290","+17043285090"
"1816","27073","+13472561024"
"1817","27062","+16032965734"
"1818","25540","+16465591900"
"1819","22178","+19293376423"
"1820","26774","+16467155281"
"1821","26618","+17183833900"
"1822","23671","+12127361114"
"1823","26568","+18888884757"
"1824","25370","+15082081825"
"1825","25410","+12123666633"
"1826","27059","+19176806662"
"1827","14152","+12129925770"
"1828","21796","+12013128269"
"1829","26592","+19177578118"
"1830","26166","+17185583912"
"1831","26210","+12122791010"
"1832","26538","+19292279405"
"1833","27024","+17183335756"
"1834","23033","+19176694591"
"1835","24303","+19179680793"
"1836","24342","+19172503739"
"1837","26427","+17183735862"
"1838","25920","+17184046853"
"1839","26409","+1718 650 1750"
"1840","27032","+17186650993"
"1841","25925","+12122656660"
"1842","27071","+12129299291"
"1843","26976","+17188360056"
"1844","21954","+12129274787"
"1845","26788","+13473512211"
"1846","26796","+19176799742"
"1847","20423","+16466433434"
"1848","26635","+16466628068"
"1849","22138","+16467635073"
"1850","27044","+16462438678"
"1851","21943","+12122235412"
"1852","20040","+12127728782"
"1853","25060","+12128603822"
"1854","25483","+12128710055"
"1855","22337","+16467717855"
"1856","24241","+19173851966"
"1857","26720","+17184339516"
"1858","26337","+19292164425"
"1859","27080","+13475613612"
"1860","26965","+13473456840"
"1861","24984","+12127369002"
"1862","26057","+14169972130"
"1863","21240","+16466874609"
"1864","23425","+13473998906"
"1865","25458","+18578005856"
"1866","25587","+12129404920"
"1867","22296","+19175179005"
"1868","26393","+17184971216"
"1869","26503","+19173356672"
"1870","26744","+17184508223"
"1871","22535","+15032501319"
"1872","26670","+17187081730"
"1873","26078","+19736346694"
"1874","20723","+16463091928"
"1875","26528","+13234203912"
"1876","27087","+12125817000"
"1877","19516","+17189392222"
"1878","26905","+13478666877"
"1879","24884","+13475800832"
"1880","27060","+17185222110"
"1881","25135","+17188638918"
"1882","26906","+19172875869"
"1883","26952","+12123555808"
"1884","25712","+17188647993"
"1885","26481","+16462415342"
"1886","24173","+12122264944"
"1887","26444","+19178811455"
"1888","26002","+17185515588"
"1889","26640","+16462613897"
"1890","26378","+19145520379"
"1891","24294","+17184544321"
"1892","26655","+19172915340"
"1893","24671","+13472109070"
"1894","23188","+17182688388"
"1895","26491","+13472231913"
"1896","26757","+12123696300"
"1897","25369","+13478799965"
"1898","26222","+17184022240"
"1899","23703","+17864003048"
"1900","22570","+12122892104"
"1901","25044","+16467470038"
"1902","20829","+12128133700"
"1903","22771","+17186061728"
"1904","25216","+13479245688"
"1905","24579","+12123040330"
"1906","23267","+12012815080"
"1907","26805","+19177966851"
"1908","26387","+19175750469"
"1909","22667","+12127576101"
"1910","26353","+17186512100"
"1911","23970","+19293308883"
"1912","27019","+17186872895"
"1913","23205","+17187866001"
"1914","27050","+18452498365"
"1915","25871","+12127049920"
"1916","26799","+13475381351"
"1917","25867","+16463295650"
"1918","26880","+15164727100"
"1919","6160","+17185958100"
"1920","24624","+19084516718"
"1921","26685","+13475990822"
"1922","23011","+12127494000"
"1923","26944","+1718 622 8922"
"1924","26936","+13472996487"
"1925","24194","+13478895999"
"1926","26155","+16318676966"
"1927","26495","+19175391645"
"1928","25007","+16463721813"
"1929","26513","+12019866268"
"1930","22869","+12014172596"
"1931","23946","+17183191500"
"1932","20623","+12126508418"
"1933","26748","+16469985307"
"1934","21813","+12017554144"
"1935","27025","+17189621220"
"1936","26493","+16467520085"
"1937","3290","+12122651822"
"1938","23685","+17182743011"
"1939","26575","+12129951960"
"1940","26859","+13478666725"
"1941","26135","+17186657480"
"1942","26474","+17184508855"
"1943","25895","+19176362980"
"1944","27076","+16465777564"
"1945","26773","+13473996063"
"1946","24717","+12127772017"
"1947","26211","+12129120111"
"1948","25574","+13475991748"
"1949","26121","+19175305583"
"1950","24232","+13475458057"
"1951","26508","+19177516681"
"1952","26620","+19174944553"
"1953","26897","+12035360660"
"1954","24714","+13476735954"
"1955","24509","+12129575151"
"1956","23291","+12126325006"
"1957","26092","+13475648259"
"1958","26120","+12125325003"
"1959","25248","+1914393757"
"1960","25017","+17037237264"
"1961","26417","+17184766705"
"1962","24921","+15512068450"
"1963","26604","+12128100918"
"1964","25292","+19175631499"
"1965","22498","+17187360999"
"1966","25632","+17186760500"
"1967","25012","+19177741999"
"1968","25456","+12128371389"
"1969","23883","+19178863304"
"1970","23903","+16468923600"
"1971","24080","+15162361932"
"1972","26448","+13478600455"
"1973","25580","+19175878888"
"1974","24079","+19293309920"
"1975","26577","+12126777818"
"1976","27056","+19177542146"
"1977","25239","+16463398439"
"1978","22504","+16467856465"
"1979","25414","+19176577789"
"1980","25769","+19292950108"
"1981","26142","+12125325003"
"1982","25939","+17187590900"
"1983","23680","+17182106494"
"1984","22139","+12124123940"
"1985","26961","+12122455000"
"1986","25195","+13478317506"
"1987","26459","+16466493415"
"1988","19311","+17183722592"
"1989","26762","+13472134317"
"1990","27055","+16468131877"
"1991","26526","+19294338109"
"1992","25633","+16465916767"
"1993","26011","+17322167555"
"1994","24352","+18452643145"
"1995","25081","+12129673310"
"1996","26541","+17168671777"
"1997","26607","+17189752565"
"1998","26340","+17188983570"
"1999","23614","+17187096158"
"2000","25284","+12123624659"
"2001","26272","+17185000344"
"2002","19876","+1__________"
"2003","26358","+19176622433"
"2004","23147","+13478634540"
"2005","25610","+15168604220"
"2006","24349","+12125825472"
"2007","26245","+19175258818"
"2008","26772","+18134765258"
"2009","24926","+17188665557"
"2010","22919","+12125816567"
"2011","26854","+19177153556"
"2012","26075","+12125854024"
"2013","24920","+19178341687"
"2014","26626","+13472666551"
"2015","26867","+12035360660"
"2016","26197","+17183218981"
"2017","26329","+16465733129"
"2018","16827","+17186738773"
"2019","26178","+18659259630"
"2020","26361","+13477225900"
"2021","26730","+19172443815"
"2022","26249","+13472666551"
"2023","23535","+12127764932"
"2024","24840","+19175257373"
"2025","26672","+17325000214"
"2026","26816","+17184849339"
"2027","26622","+13473458090"
"2028","25299","+15104610899"
"2029","24104","+19174163314"
"2030","25520","+19172725836"
"2031","26946","+17184851224"
"2032","26737","+19178047651"
"2033","26276","+19172913121"
"2034","27020","+19172919333"
"2035","26216","+19172616591"
"2036","25062","+13473124879"
"2037","25347","+17188098719"
"2038","22962","+17188917090"
"2039","25881","+15514862692"
"2040","25753","+19172504613"
"2041","26947","+12125821222"
"2042","24615","+13479726968"
"2043","26566","+17032204458"
"2044","26696","+1347708095"
"2045","25978","+16464346145"
"2046","25311","+16465259818"
"2047","25980","+19172842910"
"2048","25148","+12129431800"
"2049","26686","+19174347450"
"2050","24199","+19177552131"
"2051","21414","+12127771069"
"2052","25698","+13475220050"
"2053","26962","+12122455000"
"2054","26633","+17183335392"
"2055","26401","+19145488048"
"2056","24039","+13473273952"
"2057","26376","+15168603386"
"2058","23113","+16468239123"
"2059","26830","+19177449997"
"2060","26175","+16465623542"
"2061","26808","+19175250057"
"2062","26731","+17188532353"
"2063","21435","+16463426161"
"2064","26195","+18454999444"
"2065","23190","+16464181119"
"2066","24505","+19176901224"
"2067","21052","+17182854152"
"2068","25962","+12129330929"
"2069","26669","+13474533453"
"2070","24808","+13475337845"
"2071","26908","+16464951242"
"2072","25673","+19292091020"
"2073","26167","+16468505151"
"2074","25423","+16464508644"
"2075","27077","+19174430818"
"2076","26188","+19173634154"
"2077","25389","+19178530247"
"2078","26839","+19173658708"
"2079","26794","+13473020531"
"2080","21523","+19176172812"
"2081","27034","+19179128588"
"2082","24915","+17185058883"
"2083","26807","+17189715465"
"2084","26593","+12127444422"
"2085","25388","+17186122042"
"2086","26093","+12122971880"
"2087","26374","+17187011630"
"2088","26697","+12016965611"
"2089","26083","+12124848970"
"2090","20964","+13473455004"
"2091","26250","+16463705331"
"2092","25722","+19292521287"
"2093","23259","+14077576279"
"2094","23408","+19175631203"
"2095","26127","+13474425566"
"2096","26261","+19172137646"
"2097","22401","+15703502434"
"2098","23899","+19178863304"
"2099","26550","+16468124996"
"2100","26684","+16465122106"
"2101","25949","+17188642979"
"2102","24078","+17184696078"
"2103","25708","+12128139300"
"2104","26315","+13478854287"
